#날짜 : 2025/02/25
#이름 : 김철학
#내용 : Database 모델링 실습1

#User
insert into `User` values('user1','김유신','1976-01-21','M','010-1101-1976','kimys@naver.com', 0, 1,'서울', now());
insert into `User` values('user2','계백','1975-06-11','M','010-1102-1975',null, 1000, 1,'서울', now());
insert into `User` values('user3','김춘추','1989-05-30','M','010-1103-1989',null, 1200, 2,'서울', now());
insert into `User` values('user4','이사부','1979-04-13','M','010-2101-1979','leesabu@gmail.com', 2600, 1,'서울', now());
insert into `User` values('user5','장보고','1966-09-12','M','010-2104-1966','jangbg@naver.com',9400 ,4 ,'대전', now());
insert into `User` values('user6','선덕여왕','1979-07-28','F','010-3101-1979','gueen@naver.com',1600 ,2 ,'대전', now());
insert into `User` values('user7','강감찬','1984-06-15','M','010-4101-1984','kang@daum.net',800 ,0 ,'대구', now());
insert into `User` values('user8','신사임당','1965-10-21','F','010-5101-1965','sinsa@gmail.com',1500 ,1 ,'대구', now());
insert into `User` values('user9','이이','1972-11-28','M','010-6101-1972','leelee@nete.com',3400 ,3 ,'부산', now());
insert into `User` values('user10','허난설헌','1992-09-07','F','010-7103-1992',null, 4100, 3,'광주', now());

#Point
insert into `Point` values( 1, 'user1', 1000 , '회원가입 1000 적립',now());
insert into `Point` values( 2, 'user1', 6000, '상품구매 5% 적립',now());
insert into `Point` values( 3, 'user3', 2835, '상품구매 5% 적립',now());
insert into `Point` values( 4, 'user7', 3610, '상품구매 5% 적립',now());
insert into `Point` values( 5, 'user5', 3000, '이벤트 응모 3000 적립',now());
insert into `Point` values( 6, 'user2', 1000, '회원가입 1000 적립',now());
insert into `Point` values( 7, 'user2', 2000, '이벤트 응모 2000 적립',now());
insert into `Point` values( 8, 'user2', 2615, '상품구매 5% 적립',now());
insert into `Point` values( 9, 'user3', 1500, '이벤트 응모 1500 적립',now());
insert into `Point` values(10, 'user6', 15840, '상품구매 2% 적립',now());

#Sellers
insert into `Seller` values( 10001, '(주)다팔아', '01-201-1976', '정우성', '서울');
insert into `Seller` values( 10002, '판매의민족', '02-102-1975', '이정재', '서울');
insert into `Seller` values( 10003, '멋남', '031-103-1989', '원빈', '경기');
insert into `Seller` values( 10004, '스타일살아', '032-201-1979', '이나영', '경기');
insert into `Seller` values( 10005, '(주)삼성전자', '02-214-1966', '장동건', '서울');
insert into `Seller` values( 10006, '복실이옷짱', '051-301-1979', '고소영', '부산');
insert into `Seller` values( 10007, '컴퓨존(주)', '055-401-1984', '유재석', '대구');
insert into `Seller` values( 10008, '(주)LG전자', '02-511-1965', '강호동', '서울');
insert into `Seller` values( 10009, '굿바디스포츠', '080-6101-1972', '조인성', '부산');
insert into `Seller` values( 10010, '누리푸드', '051-710-1992', '강동원', '부산');

#Category
insert into `category` values( 10, '여성의류패션');
insert into `category` values( 11, '남성의류패션');
insert into `category` values( 12, '식품·생필품');
insert into `category` values( 13, '취미·반려견');
insert into `category` values( 14, '홈·문구');
insert into `category` values( 15, '자동차·공구');
insert into `category` values( 16, '스포츠·건강');
insert into `category` values( 17, '컴퓨터·가전·디지털');
insert into `category` values( 18, '여행');
insert into `category` values( 19, '도서');

#Product
insert into `product` (`prodNo`, `cateNo`, `sellerNo`, `prodName`, `prodStock`, `prodPrice`, `prodSold`, `prodDiscount`) values( 100101, 11,10003, '반팔티 L~2XL', 869 , 25000, 132, 20);
insert into `product` (`prodNo`, `cateNo`, `sellerNo`, `prodName`, `prodStock`, `prodPrice`, `prodSold`, `prodDiscount`) values( 100110, 10,10004, '트레이닝 통바지', 1602, 38000,398 ,15 );
insert into `product` (`prodNo`, `cateNo`, `sellerNo`, `prodName`, `prodStock`, `prodPrice`, `prodSold`, `prodDiscount`) values( 110101, 10,10003, '신상 여성운동화', 160, 76000, 40, 5);
insert into `product` (`prodNo`, `cateNo`, `sellerNo`, `prodName`, `prodStock`, `prodPrice`, `prodSold`, `prodDiscount`) values( 120101, 12,10010, '암소 1등급 구이셋트 1.2kg', 0, 150000, 87,15 );
insert into `product` (`prodNo`, `cateNo`, `sellerNo`, `prodName`, `prodStock`, `prodPrice`, `prodSold`, `prodDiscount`) values( 120103, 12,10010, '바로구이 부채살 250g', 0, 21000,61 ,10 );
insert into `product` (`prodNo`, `cateNo`, `sellerNo`, `prodName`, `prodStock`, `prodPrice`, `prodSold`, `prodDiscount`) values( 130101, 13,10006, '[ANF] 식스프리 강아지 사료', 58, 56000,142 ,0 );
insert into `product` (`prodNo`, `cateNo`, `sellerNo`, `prodName`, `prodStock`, `prodPrice`, `prodSold`, `prodDiscount`) values( 130112, 13,10006, '중대형 사계절 강아지옷', 120, 15000, 80,0 );
insert into `product` (`prodNo`, `cateNo`, `sellerNo`, `prodName`, `prodStock`, `prodPrice`, `prodSold`, `prodDiscount`) values( 141001, 14,10001, '라떼 2인 소피/방수 패브릭', 0, 320000, 42,0 );
insert into `product` (`prodNo`, `cateNo`, `sellerNo`, `prodName`, `prodStock`, `prodPrice`, `prodSold`, `prodDiscount`) values( 170115, 17,10007, '지포스 3080 그래픽 카드', 28, 900000, 12,12 );
insert into `product` (`prodNo`, `cateNo`, `sellerNo`, `prodName`, `prodStock`, `prodPrice`, `prodSold`, `prodDiscount`) values( 160103, 16,10009, '치닝디핑 33BR 철봉', 32, 120000,28 ,0 );

#Order
insert into`Order` values('22010210001', 'user2', 52300, '서울시 마포구 121', 1, now());
insert into`Order` values('22010210002', 'user3', 56700, '서울시 강남구 21-1', 1, now());
insert into`Order` values('22010210010', 'user4', 72200, '서울시 강서구 큰대로 38',2 , now());
insert into`Order` values('22010310001', 'user5', 127000, '경기도 광주시 초월로 21',1 , now());
insert into`Order` values('22010310100', 'user1', 120000, '경기도 수원시 120번지',0 , now());
insert into`Order` values('22010410101', 'user6', 792000, '부산시 남구 21-1',2 , now());
insert into`Order` values('22010510021', 'user7', 92200, '부산시 부산진구 56 10층', 4, now());
insert into`Order` values('22010510027', 'user8', 112000, '대구시 팔달로 19', 3, now());
insert into`Order` values('22010510031', 'user10', 792000, '대전시 한밭로 24-1',2 , now());
insert into`Order` values('22010710110', 'user9', 94500, '광주시 충열로 11', 1, now());

#OrderItems
insert into `OrderItem` values( 1, '22010210001', 100110 , 38000, 15, 1);
insert into `OrderItem` values( 2, '22010210001' ,100101 , 25000, 20, 1);
insert into `OrderItem` values( 3, '22010210002' ,120103 , 21000, 10,3 );
insert into `OrderItem` values( 4, '22010310001' ,130112 , 15000, 0,1 );
insert into `OrderItem` values( 5, '22010310001' ,130101 , 56000, 0,2 );
insert into `OrderItem` values( 6, '22010210010' ,110101 , 76000, 5, 1);
insert into `OrderItem` values( 7, '22010310100' ,160103 , 120000, 0,1 );
insert into `OrderItem` values( 8, '22010410101' ,170115 , 900000, 12 ,1 );
insert into `OrderItem` values( 9, '22010510021' ,110101 , 76000, 5,1 );
insert into `OrderItem` values(10, '22010510027' ,130101 , 56000, 0,2 );
insert into `OrderItem` values(11, '22010510021' ,100101 , 25000, 20,1 );
insert into `OrderItem` values(12, '22010510031' ,170115 , 900000, 12,1 );
insert into `OrderItem` values(13, '22010710110' ,120103 , 21000, 10,5 );

#Carts
insert into `Cart` values( 1, 'user1', 100101, 1,now());
insert into `Cart` values( 2, 'user1', 100110, 2,now());
insert into `Cart` values( 3, 'user3', 120103, 1,now());
insert into `Cart` values( 4, 'user4', 130112, 1,now());
insert into `Cart` values( 5, 'user5', 130101, 1,now());
insert into `Cart` values( 6, 'user2', 110101, 3,now());
insert into `Cart` values( 7, 'user2', 160103, 1,now());
insert into `Cart` values( 8, 'user2', 170115, 1,now());
insert into `Cart` values( 9, 'user3', 110101, 1,now());
insert into `Cart` values( 10, 'user6', 130101, 1,now());

#문제1. 모든 장바구니 내역에서 고객명, 상품명, 상품수량을 조회하시오. 단 상품수량 2건이상만 조회 할 것
SELECT 
	`userName`,
	`prodName`,
	`cartProdCount`
FROM `Cart` AS a
JOIN `User` AS b ON a.userId = b.userId
JOIN `Product` AS c ON a.prodNo = c.prodNo
WHERE `cartProdCount` >= 2;


#문제2. 모든 상품내역에서 상품번호, 상품카테고리명, 상품명, 상품가격, 판매자이름, 판매자 연락처를 조회하시오.
SELECT 
	`prodNo`,
	`cateName`,
	`prodName`,
	`prodPrice`,
	`sellerManager`,
	`sellerPhone`
FROM `Product` AS a
JOIN `Category` AS b ON a.cateNo = b.cateNo
JOIN `Seller` AS c ON a.sellerNo = c.sellerNo;

#문제3. 모든 고객의 아이디, 이름, 휴대폰, 현재포인트, 적립포인트 총합을 조회하시오. 단 적립포인트 내역이 없으면 0으로 출력
SELECT 
	a.`userId`,
	`userName`,
	`userHp`,
	`userPoint`,
	IF(SUM(`point`) IS NULL, 0, SUM(`point`)) AS `적립포인트 총합`
FROM `User` AS a
LEFT JOIN `Point` AS b ON a.userId = b.userId
GROUP BY a.`userId`;

#문제4. 모든 주문의 주문번호, 주문자 아이디, 고객명, 주문가격, 주문일자를 조회하시오.
#       단 주문금액에 10만원 이상, 큰 금액순으로 조회, 금액이 같으면 이름이 사전순으로 될것
SELECT
	a.orderNo,
	a.userId,
	b.userName,
	a.orderTotalPrice,
	a.orderDate 
FROM `Order` AS a
JOIN `User` AS b ON a.userId = b.userId
WHERE `orderTotalPrice` >= 100000
ORDER BY `orderTotalPrice` DESC, `userName` ASC;

#문제5. 모든 주문의 주문번호, 주문자 아이디, 고객명, 상품명, 주문일자를 조회하시오. 주문번호는 중복없이 상품명은 구분자 ,로 나열할것
SELECT
	a.orderNo,
	ANY_VALUE(c.userId),
	ANY_VALUE(c.userName),
	GROUP_CONCAT(`prodName` SEPARATOR ',') AS `상품명`,
	ANY_VALUE(`orderDate`)
FROM `Order` AS a
JOIN `OrderItem` AS b ON a.orderNo = b.orderNo
JOIN `User` AS c ON a.userId = c.userId
JOIN `Product` AS d ON b.prodNo=d.prodNo
GROUP BY a.`orderNo`;

#문제6. 모든 상품의 상품번호, 상품명, 상품가격, 할인율, 할인된 가격을 조회하시오.
SELECT 
	`prodNo`,
	`prodName`,
	`prodPrice`,
	`prodDiscount`,
	FLOOR(`prodPrice` * (1 - `prodDiscount` / 100)) AS `할인가`
FROM `Product` AS a;

#문제7. 고소영 판매자가 판매하는 모든 상품의 상품번호, 상품명, 상품가격, 재고수량, 판매자이름을 조회하시오.
SELECT 
	a.prodNo,
	a.prodName,
	a.prodPrice,
	a.prodStock,
	b.sellerManager
FROM `Product` AS a
JOIN `Seller` AS b ON a.sellerNo=b.sellerNo
WHERE b.sellerManager='고소영';


#문제8. 아직 상품을 판매하지 않은 판매자의 판매자번호, 판매자상호, 판매자 이름, 판매자 연락처를 조회하시오.
SELECT 
	a.sellerNo,
	a.sellerBizName,
	a.sellerManager,
	a.sellerPhone 
FROM `Seller` AS a
LEFT JOIN `Product` AS b ON a.sellerNo = b.sellerNo
WHERE `prodNo` IS NULL;


#문제9. 모든 주문상세내역 중 개별 상품 가격과 개수 그리고 할인율이 적용된 가격을 구하고 그 가격으로
#       주문별 총합을 구해서 주문별 총합이 10만원이상 그리고 큰 금액 순으로 `주문번호`, `최종총합`을 조회하시오. 
SELECT 
	`orderNo`,
	sum(`할인가` * `itemCount`) as `최종총합`
FROM
(
	SELECT 
		*,
		FLOOR(`itemPrice` * (1 - `itemDiscount` / 100) * `itemCount`) AS `할인가`
	FROM `OrderItem`
) AS a
GROUP BY `orderNo`
HAVING `최종총합` >= 100000
ORDER BY `최종총합` DESC;


SELECT 
	`orderNo`,
	SUM(FLOOR(`itemPrice` * (1 - `itemDiscount` / 100) * `itemCount`)) AS `최종총합` 
FROM `OrderItem`
GROUP BY `orderNo`
HAVING `최종총합` >= 100000
ORDER BY `최종총합` DESC;


#문제10. 장보고 고객이 주문했던 모든 상품명을 `고객명`, `상품명`으로 조회하시오. 
#        단 상품명은 중복 안됨, 상품명은 구분자 , 로 나열
SELECT 
	`userName`,
	GROUP_CONCAT(`prodName` SEPARATOR ',')
FROM `Order` AS a
JOIN `User` AS b ON a.userId=b.userId
JOIN `OrderItem` AS c ON a.orderNo=c.orderNo
JOIN `Product` AS d ON d.prodNo=c.prodNo
WHERE `userName` = '장보고';